{"count":1,"self":6301.2450303999995,"total":56031.6486593,"children":{"InitializeActuators":{"count":3,"self":0.0029969,"total":0.0029969,"children":null},"InitializeSensors":{"count":3,"self":0.0020006,"total":0.0020006,"children":null},"AgentSendState":{"count":3442584,"self":93.5093952,"total":37314.039505299996,"children":{"CollectObservations":{"count":2065551,"self":23.588785599999998,"total":23.588785899999998,"children":null},"WriteActionMask":{"count":2065551,"self":13.878808,"total":13.8788077,"children":null},"RequestDecision":{"count":2065551,"self":46.0396,"total":37183.0625151,"children":{"AgentInfo.ToProto":{"count":2065551,"self":42.959660799999995,"total":37137.022915099995,"children":{"GenerateSensorData":{"count":2065551,"self":105.7179264,"total":37094.0632559,"children":{"CameraSensor.GetCompressedObservation":{"count":2065551,"self":36988.3447296,"total":36988.3453263,"children":null}}}}}}}}},"DecideAction":{"count":3442584,"self":12291.60448,"total":12291.604720899999,"children":null},"AgentAct":{"count":3442584,"self":111.50336,"total":124.7513663,"children":{"AgentInfo.ToProto":{"count":6627,"self":0.1774096,"total":13.2480023,"children":{"GenerateSensorData":{"count":6627,"self":0.41356709999999997,"total":13.070592699999999,"children":{"CameraSensor.GetCompressedObservation":{"count":6627,"self":12.657025599999999,"total":12.657025599999999,"children":null}}}}}}}},"gauges":{"Driver_Agent.CumulativeReward":{"count":6627,"max":2.65483522,"min":-0.7499114,"runningAverage":1.22545063,"value":2.03720641,"weightedAverage":1.31955647}},"metadata":{"timer_format_version":"0.1.0","start_time_seconds":"1619470979","unity_version":"2019.4.23f1","command_line_arguments":"C:\\Program Files\\Unity\\Hub\\Editor\\2019.4.23f1\\Editor\\Unity.exe -projectpath C:\/Users\/LukeB\/Projects\/Unity\/DriveToSurvive-AI -useHub -hubIPC -cloudEnvironment production -hubSessionId 88533300-a63a-11eb-9896-a39ea6f4fbe1","communication_protocol_version":"1.5.0","com.unity.ml-agents_version":"1.9.0-preview","scene_name":"JebScene","end_time_seconds":"1619527010"}}