{"count":1,"self":37858.0992,"total":55954.4432266,"children":{"InitializeActuators":{"count":1,"self":0.0029979,"total":0.0029979,"children":null},"InitializeSensors":{"count":1,"self":0.0019982,"total":0.0019982,"children":null},"AgentSendState":{"count":6676618,"self":121.1008128,"total":3283.3870693,"children":{"CollectObservations":{"count":1335324,"self":15.622889599999999,"total":15.622888999999999,"children":null},"WriteActionMask":{"count":1335324,"self":10.6177128,"total":10.617712599999999,"children":null},"RequestDecision":{"count":1335324,"self":34.4917984,"total":3136.0456495,"children":{"AgentInfo.ToProto":{"count":1335324,"self":32.6758816,"total":3101.5538499,"children":{"GenerateSensorData":{"count":1335324,"self":80.2863872,"total":3068.8779679,"children":{"CameraSensor.GetCompressedObservation":{"count":1335324,"self":2988.5915136,"total":2988.5915781,"children":null}}}}}}}}},"DecideAction":{"count":6676618,"self":14663.4145792,"total":14663.414947199999,"children":null},"AgentAct":{"count":6676618,"self":134.4004736,"total":149.5356089,"children":{"AgentInfo.ToProto":{"count":7165,"self":0.1903643,"total":15.135135199999999,"children":{"GenerateSensorData":{"count":7165,"self":0.39168169999999997,"total":14.9447709,"children":{"CameraSensor.GetCompressedObservation":{"count":7165,"self":14.5530896,"total":14.553089199999999,"children":null}}}}}}}},"gauges":{"Driver_Agent.CumulativeReward":{"count":7165,"max":1.26728523,"min":-0.6011562,"runningAverage":-0.276446581,"value":-0.220260531,"weightedAverage":-0.258205354}},"metadata":{"timer_format_version":"0.1.0","start_time_seconds":"1618883498","unity_version":"2019.4.23f1","command_line_arguments":"C:\\Program Files\\Unity\\Hub\\Editor\\2019.4.23f1\\Editor\\Unity.exe -projectpath C:\/Users\/LukeB\/Projects\/Unity\/DriveToSurvive-AI -useHub -hubIPC -cloudEnvironment production -hubSessionId b28b9920-a179-11eb-a86a-5b8f1c4341b6","communication_protocol_version":"1.5.0","com.unity.ml-agents_version":"1.9.0-preview","scene_name":"JebScene","end_time_seconds":"1618939452"}}