{"count":1,"self":360.37086719999996,"total":2970.7271733,"children":{"InitializeActuators":{"count":7,"self":0.0030031999999999997,"total":0.0030031999999999997,"children":null},"InitializeSensors":{"count":7,"self":0.0049973,"total":0.0049973,"children":null},"AgentSendState":{"count":246534,"self":12.306282399999999,"total":646.7535146,"children":{"CollectObservations":{"count":345149,"self":4.3758028,"total":4.3758028,"children":null},"WriteActionMask":{"count":345149,"self":2.5494236,"total":2.5494236,"children":null},"RequestDecision":{"count":345149,"self":7.6748096,"total":627.52200559999994,"children":{"AgentInfo.ToProto":{"count":345149,"self":6.4500779999999995,"total":619.8471956,"children":{"GenerateSensorData":{"count":345149,"self":25.0039984,"total":613.3971176,"children":{"CameraSensor.GetCompressedObservation":{"count":345149,"self":571.51953919999994,"total":571.51954219999993,"children":null},"RayPerceptionSensor.Perceive":{"count":345149,"self":16.8735776,"total":16.8735771,"children":null}}}}}}}}},"DecideAction":{"count":246534,"self":1942.3729664,"total":1942.3730186,"children":null},"AgentAct":{"count":246534,"self":16.6272512,"total":19.813451699999998,"children":{"AgentInfo.ToProto":{"count":1521,"self":0.0409673,"total":3.1862003,"children":{"GenerateSensorData":{"count":1521,"self":0.1138651,"total":3.1452329999999997,"children":{"CameraSensor.GetCompressedObservation":{"count":1521,"self":2.9558814,"total":2.9558814,"children":null},"RayPerceptionSensor.Perceive":{"count":1521,"self":0.0754865,"total":0.0754865,"children":null}}}}}}},"AgentInfo.ToProto":{"count":623,"self":0.018995599999999998,"total":1.4063183,"children":{"GenerateSensorData":{"count":623,"self":0.052957699999999996,"total":1.3873227,"children":{"CameraSensor.GetCompressedObservation":{"count":623,"self":1.2903955,"total":1.2903955,"children":null},"RayPerceptionSensor.Perceive":{"count":623,"self":0.043969499999999995,"total":0.043969499999999995,"children":null}}}}}},"gauges":{"Driver_Agent.CumulativeReward":{"count":2144,"max":4.599863,"min":-1.48659015,"runningAverage":1.22815943,"value":0.5142976,"weightedAverage":0.480535775}},"metadata":{"timer_format_version":"0.1.0","start_time_seconds":"1619701002","unity_version":"2019.4.23f1","command_line_arguments":"C:\\Program Files\\Unity\\Hub\\Editor\\2019.4.23f1\\Editor\\Unity.exe -projectpath C:\/Users\/LukeB\/Projects\/Unity\/DriveToSurvive-AI -useHub -hubIPC -cloudEnvironment production -hubSessionId 0554fe60-a848-11eb-aa37-d308909af33b","communication_protocol_version":"1.5.0","com.unity.ml-agents_version":"1.9.0-preview","scene_name":"JebScene","end_time_seconds":"1619703973"}}