{"count":1,"self":216.03302399999998,"total":225.58100869999998,"children":{"InitializeActuators":{"count":1,"self":0.0020001999999999997,"total":0.0020001999999999997,"children":null},"InitializeSensors":{"count":1,"self":0.0010004999999999999,"total":0.0010004999999999999,"children":null},"AgentSendState":{"count":11059,"self":0.1812811,"total":0.2362992,"children":{"CollectObservations":{"count":2212,"self":0.013002699999999999,"total":0.013002699999999999,"children":null},"WriteActionMask":{"count":2212,"self":0.011009699999999999,"total":0.011009699999999999,"children":null},"RequestDecision":{"count":2212,"self":0.031005699999999997,"total":0.031005699999999997,"children":null}}},"DecideAction":{"count":11059,"self":5.8010392,"total":8.4271111,"children":{"CameraSensor.WriteToTensor":{"count":2212,"self":2.6260719999999997,"total":2.6260721,"children":null}}},"AgentAct":{"count":11059,"self":0.88057279999999993,"total":0.88057279999999993,"children":null}},"gauges":{"DriveBehavior.CumulativeReward":{"count":87,"max":0.9690033,"min":-2.5,"runningAverage":-1.56112587,"value":-2.5,"weightedAverage":-2.49999952}},"metadata":{"timer_format_version":"0.1.0","start_time_seconds":"1617935073","unity_version":"2019.4.23f1","command_line_arguments":"C:\\Program Files\\Unity\\2019.4.23f1\\Editor\\Unity.exe -projectpath C:\/Users\/Jeb\/Programming Projects\/ML\/DriveToSurvive-AI -useHub -hubIPC -cloudEnvironment production -hubSessionId 84470240-9894-11eb-b826-4d509533f4fd -accessToken GbdYQXT1TiGnFlX26xqtbemXFQyqZ6drJ7rLTwxmxT4002f","communication_protocol_version":"1.5.0","com.unity.ml-agents_version":"1.9.0-preview","scene_name":"JebScene","end_time_seconds":"1617935298"}}