{"count":1,"self":3743.3270272,"total":25522.6539012,"children":{"InitializeActuators":{"count":7,"self":0.0029979,"total":0.0029979,"children":null},"InitializeSensors":{"count":7,"self":0.0029985999999999997,"total":0.0029985999999999997,"children":null},"AgentSendState":{"count":2224001,"self":105.3350784,"total":5525.0447860999993,"children":{"CollectObservations":{"count":3113607,"self":35.1662336,"total":35.1662339,"children":null},"WriteActionMask":{"count":3113607,"self":20.912532799999997,"total":20.912533099999997,"children":null},"RequestDecision":{"count":3113607,"self":65.1253376,"total":5363.6309407,"children":{"AgentInfo.ToProto":{"count":3113607,"self":54.7459904,"total":5298.505606,"children":{"GenerateSensorData":{"count":3113607,"self":207.97538559999998,"total":5243.7596149,"children":{"CameraSensor.GetCompressedObservation":{"count":3113607,"self":4896.3350528,"total":4896.3351715,"children":null},"RayPerceptionSensor.Perceive":{"count":3113607,"self":139.4490496,"total":139.4490554,"children":null}}}}}}}}},"DecideAction":{"count":2224001,"self":16078.066483199998,"total":16078.0670242,"children":null},"AgentAct":{"count":2224001,"self":136.50666239999998,"total":166.27096419999998,"children":{"AgentInfo.ToProto":{"count":14612,"self":0.3698432,"total":29.764303899999998,"children":{"GenerateSensorData":{"count":14612,"self":1.1769622,"total":29.3944607,"children":{"CameraSensor.GetCompressedObservation":{"count":14612,"self":27.399296,"total":27.3992954,"children":null},"RayPerceptionSensor.Perceive":{"count":14612,"self":0.8182031,"total":0.8182031,"children":null}}}}}}},"AgentInfo.ToProto":{"count":4552,"self":0.1535162,"total":9.9369146,"children":{"GenerateSensorData":{"count":4552,"self":0.34524269999999996,"total":9.7833984,"children":{"CameraSensor.GetCompressedObservation":{"count":4552,"self":9.0908775999999989,"total":9.0908772999999989,"children":null},"RayPerceptionSensor.Perceive":{"count":4552,"self":0.3472784,"total":0.3472784,"children":null}}}}}},"gauges":{"Driver_Agent.CumulativeReward":{"count":19164,"max":4.92875242,"min":-4.25443029,"runningAverage":0.969951034,"value":2.697447,"weightedAverage":2.545132}},"metadata":{"timer_format_version":"0.1.0","start_time_seconds":"1619726810","unity_version":"2019.4.23f1","command_line_arguments":"C:\\Program Files\\Unity\\Hub\\Editor\\2019.4.23f1\\Editor\\Unity.exe -projectpath C:\/Users\/LukeB\/Projects\/Unity\/DriveToSurvive-AI -useHub -hubIPC -cloudEnvironment production -hubSessionId 0554fe60-a848-11eb-aa37-d308909af33b","communication_protocol_version":"1.5.0","com.unity.ml-agents_version":"1.9.0-preview","scene_name":"JebScene","end_time_seconds":"1619752332"}}