{"count":1,"self":3029.702656,"total":22391.4427097,"children":{"InitializeActuators":{"count":4,"self":0.0029977999999999997,"total":0.0029977999999999997,"children":null},"InitializeSensors":{"count":4,"self":0.0019987,"total":0.0019987,"children":null},"AgentSendState":{"count":3174184,"self":112.613568,"total":4485.1787567,"children":{"CollectObservations":{"count":2539348,"self":30.600899199999997,"total":30.600897999999997,"children":null},"WriteActionMask":{"count":2539348,"self":18.9125664,"total":18.912566899999998,"children":null},"RequestDecision":{"count":2539348,"self":58.2432896,"total":4323.051723,"children":{"AgentInfo.ToProto":{"count":2539348,"self":55.626144,"total":4264.8084315999995,"children":{"GenerateSensorData":{"count":2539348,"self":130.83490559999998,"total":4209.1822894,"children":{"CameraSensor.GetCompressedObservation":{"count":2539348,"self":4078.3474687999997,"total":4078.3473884,"children":null}}}}}}}}},"DecideAction":{"count":3174184,"self":14720.3702784,"total":14720.3707549,"children":null},"AgentAct":{"count":3174184,"self":133.9994624,"total":156.1844873,"children":{"AgentInfo.ToProto":{"count":11700,"self":0.3432694,"total":22.1850263,"children":{"GenerateSensorData":{"count":11700,"self":0.63301679999999994,"total":21.8417569,"children":{"CameraSensor.GetCompressedObservation":{"count":11700,"self":21.208740799999998,"total":21.2087401,"children":null}}}}}}}},"gauges":{"Driver_Agent.CumulativeReward":{"count":11700,"max":6.29371357,"min":-0.748289943,"runningAverage":3.40796828,"value":5.35081959,"weightedAverage":3.58192635}},"metadata":{"timer_format_version":"0.1.0","start_time_seconds":"1619124842","unity_version":"2019.4.23f1","command_line_arguments":"C:\\Program Files\\Unity\\Hub\\Editor\\2019.4.23f1\\Editor\\Unity.exe -projectpath C:\/Users\/LukeB\/Projects\/Unity\/DriveToSurvive-AI -useHub -hubIPC -cloudEnvironment production -hubSessionId 013e48e0-a24e-11eb-9afd-2bf1b8e9b8dd","communication_protocol_version":"1.5.0","com.unity.ml-agents_version":"1.9.0-preview","scene_name":"JebScene","end_time_seconds":"1619147234"}}