{"count":1,"self":12.135767999999999,"total":12.1707919,"children":{"InitializeActuators":{"count":1,"self":0.0030055999999999998,"total":0.0030055999999999998,"children":null},"InitializeSensors":{"count":1,"self":0.0019979999999999998,"total":0.0019979999999999998,"children":null},"AgentSendState":{"count":360,"self":0.0140197,"total":0.021012299999999998,"children":{"CollectObservations":{"count":72,"self":0.0010002,"total":0.0010002,"children":null},"WriteActionMask":{"count":72,"self":0.0029949,"total":0.0029949,"children":null},"RequestDecision":{"count":72,"self":0.0029974999999999997,"total":0.0029974999999999997,"children":null}}},"DecideAction":{"count":360,"self":0.0070063999999999994,"total":0.0070063999999999994,"children":null},"AgentAct":{"count":360,"self":0.0010007,"total":0.0010007,"children":null}},"gauges":{},"metadata":{"timer_format_version":"0.1.0","start_time_seconds":"1616696584","unity_version":"2019.4.22f1","command_line_arguments":"C:\\Program Files\\Unity\\Hub\\Editor\\2019.4.22f1\\Editor\\Unity.exe -projectpath C:\/Users\/Josiah Lansford\/source\/repos\/Machine Learning\/DriveToSurvive-AI -useHub -hubIPC -cloudEnvironment production -hubSessionId 41525590-8d7f-11eb-9185-35b74e52206b -accessToken 4HCL7b__xNwW_xAFKuBqZXQLvP01EXH7kPzwI3gIt9Y002f","communication_protocol_version":"1.5.0","com.unity.ml-agents_version":"1.9.0-preview","scene_name":"JosiahScene","end_time_seconds":"1616696596"}}