{"count":1,"self":2594.0371456,"total":7632.9693098,"children":{"InitializeActuators":{"count":1,"self":0.0029985999999999997,"total":0.0029985999999999997,"children":null},"InitializeSensors":{"count":1,"self":0.0019982999999999997,"total":0.0019982999999999997,"children":null},"AgentSendState":{"count":1736134,"self":33.5298624,"total":911.2385398,"children":{"CollectObservations":{"count":347227,"self":4.0701764,"total":4.0701765,"children":null},"WriteActionMask":{"count":347227,"self":2.7712171999999997,"total":2.7712171,"children":null},"RequestDecision":{"count":347227,"self":9.3593736,"total":870.8672848,"children":{"AgentInfo.ToProto":{"count":347227,"self":9.4684112,"total":861.50791129999993,"children":{"GenerateSensorData":{"count":347227,"self":22.947232,"total":852.0394997,"children":{"CameraSensor.GetCompressedObservation":{"count":347227,"self":829.0922496,"total":829.0922673,"children":null}}}}}}}}},"DecideAction":{"count":1736134,"self":4087.43936,"total":4087.4395221,"children":null},"AgentAct":{"count":1736134,"self":35.357184,"total":40.2481716,"children":{"AgentInfo.ToProto":{"count":2115,"self":0.054954499999999996,"total":4.8909886999999994,"children":{"GenerateSensorData":{"count":2115,"self":0.16337859999999998,"total":4.8360341999999994,"children":{"CameraSensor.GetCompressedObservation":{"count":2115,"self":4.6726556,"total":4.6726556,"children":null}}}}}}}},"gauges":{"Driver_Agent.CumulativeReward":{"count":2115,"max":1.11553073,"min":-0.634905636,"runningAverage":-0.328862667,"value":-0.5065609,"weightedAverage":-0.252546757}},"metadata":{"timer_format_version":"0.1.0","start_time_seconds":"1617712383","unity_version":"2019.4.22f1","command_line_arguments":"C:\\Program Files\\Unity\\Hub\\Editor\\2019.4.22f1\\Editor\\Unity.exe -projectpath C:\/Users\/LukeB\/Projects\/Unity\/DriveToSurvive-AI -useHub -hubIPC -cloudEnvironment production -hubSessionId d48635f0-9669-11eb-9ef7-63a28396e0c9","communication_protocol_version":"1.5.0","com.unity.ml-agents_version":"1.9.0-preview","scene_name":"LukeScene","end_time_seconds":"1617720016"}}