{"count":1,"self":2936.1309696,"total":19235.0257698,"children":{"InitializeActuators":{"count":3,"self":0.0029979,"total":0.0029979,"children":null},"InitializeSensors":{"count":3,"self":0.0029979,"total":0.0029979,"children":null},"AgentSendState":{"count":3180884,"self":96.1224384,"total":4306.7089349,"children":{"CollectObservations":{"count":1908531,"self":23.017739199999998,"total":23.0177387,"children":null},"WriteActionMask":{"count":1908531,"self":14.3110672,"total":14.311067099999999,"children":null},"RequestDecision":{"count":1908531,"self":46.8175008,"total":4173.2576886,"children":{"AgentInfo.ToProto":{"count":1908531,"self":43.6884768,"total":4126.4401873,"children":{"GenerateSensorData":{"count":1908531,"self":112.58526719999999,"total":4082.7517092999997,"children":{"CameraSensor.GetCompressedObservation":{"count":1908531,"self":3970.1663743999998,"total":3970.1664392,"children":null}}}}}}}}},"DecideAction":{"count":3180884,"self":11867.1663104,"total":11867.1660533,"children":null},"AgentAct":{"count":3180884,"self":99.0510784,"total":125.0118143,"children":{"AgentInfo.ToProto":{"count":10790,"self":0.2692553,"total":25.960736299999997,"children":{"GenerateSensorData":{"count":10790,"self":0.6856827,"total":25.691481,"children":{"CameraSensor.GetCompressedObservation":{"count":10790,"self":25.0057984,"total":25.0057983,"children":null}}}}}}}},"gauges":{"Driver_Agent.CumulativeReward":{"count":10790,"max":4.98594666,"min":-0.498151779,"runningAverage":1.68569136,"value":1.04264808,"weightedAverage":1.851541}},"metadata":{"timer_format_version":"0.1.0","start_time_seconds":"1617827229","unity_version":"2019.4.22f1","command_line_arguments":"C:\\Program Files\\Unity\\Hub\\Editor\\2019.4.22f1\\Editor\\Unity.exe -projectpath C:\/Users\/LukeB\/Projects\/Unity\/DriveToSurvive-AI -useHub -hubIPC -cloudEnvironment production -hubSessionId d48635f0-9669-11eb-9ef7-63a28396e0c9","communication_protocol_version":"1.5.0","com.unity.ml-agents_version":"1.9.0-preview","scene_name":"LukeScene","end_time_seconds":"1617846464"}}