{
    "name": "root",
    "metadata": {
        "timer_format_version": "0.1.0",
        "start_time_seconds": "1616729475",
        "python_version": "3.8.8 (tags/v3.8.8:024d805, Feb 19 2021, 13:18:16) [MSC v.1928 64 bit (AMD64)]",
        "command_line_arguments": "C:\\Users\\LukeB\\AppData\\Local\\Programs\\Python\\Python38\\Scripts\\mlagents-learn Assets/agent.yaml --run-id=first --force",
        "mlagents_version": "0.24.0",
        "mlagents_envs_version": "0.24.0",
        "communication_protocol_version": "1.4.0",
        "pytorch_version": "1.7.0+cu110",
        "numpy_version": "1.19.5",
        "end_time_seconds": "1616729515"
    },
    "total": 40.207138,
    "count": 1,
    "self": 0.009113199999994492,
    "children": {
        "run_training.setup": {
            "total": 0.13190970000000002,
            "count": 1,
            "self": 0.13190970000000002
        },
        "TrainerController.start_learning": {
            "total": 40.066115100000005,
            "count": 1,
            "self": 0.9332886999999772,
            "children": {
                "TrainerController._reset_env": {
                    "total": 21.928899,
                    "count": 1,
                    "self": 21.928899
                },
                "TrainerController.advance": {
                    "total": 16.955861900000016,
                    "count": 863,
                    "self": 0.016648600000110036,
                    "children": {
                        "env_step": {
                            "total": 16.939213299999906,
                            "count": 863,
                            "self": 13.200387000000042,
                            "children": {
                                "SubprocessEnvManager._take_step": {
                                    "total": 3.7132538999998665,
                                    "count": 863,
                                    "self": 0.07841539999984803,
                                    "children": {
                                        "TorchPolicy.evaluate": {
                                            "total": 3.6348385000000185,
                                            "count": 857,
                                            "self": 0.5099225000000835,
                                            "children": {
                                                "TorchPolicy.sample_actions": {
                                                    "total": 3.124915999999935,
                                                    "count": 857,
                                                    "self": 3.124915999999935
                                                }
                                            }
                                        }
                                    }
                                },
                                "workers": {
                                    "total": 0.02557239999999794,
                                    "count": 862,
                                    "self": 0.0,
                                    "children": {
                                        "worker_root": {
                                            "total": 16.970822599999973,
                                            "count": 862,
                                            "is_parallel": true,
                                            "self": 5.204639699999927,
                                            "children": {
                                                "steps_from_proto": {
                                                    "total": 0.014004899999999765,
                                                    "count": 1,
                                                    "is_parallel": true,
                                                    "self": 0.00024089999999787892,
                                                    "children": {
                                                        "_process_visual_observation": {
                                                            "total": 0.013667200000000435,
                                                            "count": 2,
                                                            "is_parallel": true,
                                                            "self": 3.090000000227633e-05,
                                                            "children": {
                                                                "observation_to_np_array": {
                                                                    "total": 0.013636299999998158,
                                                                    "count": 1,
                                                                    "is_parallel": true,
                                                                    "self": 2.5999999998305157e-05,
                                                                    "children": {
                                                                        "process_pixels": {
                                                                            "total": 0.013610299999999853,
                                                                            "count": 1,
                                                                            "is_parallel": true,
                                                                            "self": 0.0007674000000008618,
                                                                            "children": {
                                                                                "image_decompress": {
                                                                                    "total": 0.012842899999998991,
                                                                                    "count": 3,
                                                                                    "is_parallel": true,
                                                                                    "self": 0.012842899999998991
                                                                                }
                                                                            }
                                                                        }
                                                                    }
                                                                }
                                                            }
                                                        },
                                                        "_process_vector_observation": {
                                                            "total": 9.680000000145128e-05,
                                                            "count": 2,
                                                            "is_parallel": true,
                                                            "self": 9.680000000145128e-05
                                                        }
                                                    }
                                                },
                                                "UnityEnvironment.step": {
                                                    "total": 11.752178000000047,
                                                    "count": 862,
                                                    "is_parallel": true,
                                                    "self": 0.0927128000001396,
                                                    "children": {
                                                        "UnityEnvironment._generate_step_input": {
                                                            "total": 0.2293630999998868,
                                                            "count": 862,
                                                            "is_parallel": true,