{
    "name": "root",
    "metadata": {
        "timer_format_version": "0.1.0",
        "start_time_seconds": "1616730320",
        "python_version": "3.8.8 (tags/v3.8.8:024d805, Feb 19 2021, 13:18:16) [MSC v.1928 64 bit (AMD64)]",
        "command_line_arguments": "C:\\Users\\LukeB\\AppData\\Local\\Programs\\Python\\Python38\\Scripts\\mlagents-learn Assets/agent.yaml --run-id=first --force",
        "mlagents_version": "0.24.0",
        "mlagents_envs_version": "0.24.0",
        "communication_protocol_version": "1.4.0",
        "pytorch_version": "1.7.0+cu110",
        "numpy_version": "1.19.5",
        "end_time_seconds": "1616730514"
    },
    "total": 193.97300669999998,
    "count": 1,
    "self": 0.009357499999993024,
    "children": {
        "run_training.setup": {
            "total": 0.12731669999999995,
            "count": 1,
            "self": 0.12731669999999995
        },
        "TrainerController.start_learning": {
            "total": 193.8363325,
            "count": 1,
            "self": 0.8669850999993116,
            "children": {
                "TrainerController._reset_env": {
                    "total": 9.6199263,
                    "count": 1,
                    "self": 9.6199263
                },
                "TrainerController.advance": {
                    "total": 183.05084930000066,
                    "count": 8363,
                    "self": 0.15594249999961107,
                    "children": {
                        "env_step": {
                            "total": 182.89490680000105,
                            "count": 8363,
                            "self": 146.85818230000172,
                            "children": {
                                "SubprocessEnvManager._take_step": {
                                    "total": 35.785691399999536,
                                    "count": 8363,
                                    "self": 0.7687418999992204,
                                    "children": {
                                        "TorchPolicy.evaluate": {
                                            "total": 35.016949500000315,
                                            "count": 8297,
                                            "self": 4.868733199999824,
                                            "children": {
                                                "TorchPolicy.sample_actions": {
                                                    "total": 30.14821630000049,
                                                    "count": 8297,
                                                    "self": 30.14821630000049
                                                }
                                            }
                                        }
                                    }
                                },
                                "workers": {
                                    "total": 0.25103309999981427,
                                    "count": 8362,
                                    "self": 0.0,
                                    "children": {
                                        "worker_root": {
                                            "total": 182.91314950000051,
                                            "count": 8362,
                                            "is_parallel": true,
                                            "self": 50.11464920000088,
                                            "children": {
                                                "steps_from_proto": {
                                                    "total": 0.013826100000001063,
                                                    "count": 1,
                                                    "is_parallel": true,
                                                    "self": 0.00020909999999929596,
                                                    "children": {
                                                        "_process_visual_observation": {
                                                            "total": 0.013521500000001296,
                                                            "count": 2,
                                                            "is_parallel": true,
                                                            "self": 3.069999999993911e-05,
                                                            "children": {
                                                                "observation_to_np_array": {
                                                                    "total": 0.013490800000001357,
                                                                    "count": 1,
                                                                    "is_parallel": true,
                                                                    "self": 2.9400000000734394e-05,
                                                                    "children": {
                                                                        "process_pixels": {
                                                                            "total": 0.013461400000000623,
                                                                            "count": 1,
                                                                            "is_parallel": true,
                                                                            "self": 0.0008064999999977118,
                                                                            "children": {
                                                                                "image_decompress": {
                                                                                    "total": 0.012654900000002911,
                                                                                    "count": 3,
                                                                                    "is_parallel": true,
                                                                                    "self": 0.012654900000002911
                                                                                }
                                                                            }
                                                                        }
                                                                    }
                                                                }
                                                            }
                                                        },
                                                        "_process_vector_observation": {
                                                            "total": 9.550000000047021e-05,
                                                            "count": 2,
                                                            "is_parallel": true,
                                                            "self": 9.550000000047021e-05
                                                        }
                                                    }
                                                },
                                                "UnityEnvironment.step": {
                                                    "total": 132.78467419999964,
                                                    "count": 8362,
                                                    "is_parallel": true,
                                                    "self": 0.9001436000007743,
                                                    "children": {
                                                        "UnityEnvironment._generate_step_input": {
                                                            "total": 2.242705399999908,
                                                            "count": 8362,
                                                            "is_parallel": true,